year	tempo	mode_confidence	key_confidence	time_signature	key	time_signature_confidence	mode	duration	loudness
2004.87122918	92.4201634399	0.486791535344	0.45357136425	3.93066186403	7.60918505178	0.91807429086	1.0	229.213944791	-5.9241994597
1980.37361531	113.531468278	0.484380664653	0.463941591138	3.97280966767	1.47734138973	0.16839979859	1.0	286.06929999	-11.3917724068
2004.47940581	135.233559757	0.619910871033	0.644162052667	3.96961512492	5.40513166779	0.493941931128	1.40998324127e-14	247.930543282	-6.72833490885
2003.40016038	94.4936263031	0.494412991179	0.520243785084	1.0	1.75541299118	0.0627618283881	1.0	170.72529413	-6.68808901363
2003.705064	99.0146850306	0.46393377852	0.482252086811	3.93322203673	9.54646633278	0.51090261547	1.0	227.05529148	-6.43368280467
2004.0663199	153.38236606	0.188508452536	0.0849135240572	3.98959687906	8.5533159948	0.80844473342	1.0	236.195112393	-6.19196553966
1976.02752294	114.487334207	0.576492791612	0.625908256881	3.81913499345	1.28047182176	0.735786369594	1.0	407.436176448	-12.37472346
1983.46303502	119.058363165	0.175391699092	0.076261997406	3.99870298314	9.2075226978	0.251675745785	-5.21804821574e-15	245.127356278	-11.4059727626
1998.26623377	178.820818182	0.565808441558	0.561584415584	3.82305194805	1.6737012987	0.436944805195	1.0	194.198709188	-19.9222694805
2000.75230415	131.762035714	0.333658986175	0.201733870968	3.99078341014	2.43894009217	0.166745391705	-6.66133814775e-16	316.025924954	-11.7637626728
1997.15824916	203.832983165	0.490786756453	0.551024691358	3.9595959596	8.05050505051	0.166910213244	1.0	215.268052009	-11.250325477
1992.84468085	108.005275177	0.457966666667	0.453803546099	4.00070921986	9.7780141844	0.878405673759	1.3211653993e-14	266.253719298	-8.81047375887
1991.18904594	102.270120141	0.7566704947	0.85303975265	3.93197879859	7.60335689046	0.430059187279	1.0	221.589404373	-10.2290998233
2001.68348624	127.475745413	0.384428899083	0.311137614679	3.94036697248	1.28899082569	0.796494266055	1.0	553.771678922	-9.72119036697
2004.56033453	103.825233572	0.542329151732	0.493193548387	3.52508960573	1.07048984468	0.912683990442	1.0	200.902421141	-10.9065591398
1978.85950413	172.755460744	0.499785123967	0.515332644628	1.0	8.53512396694	0.0640289256198	-2.22044604925e-15	191.179442004	-10.3736818182
2002.24642127	134.996958078	0.626483640082	0.683717791411	1.0	9.51226993865	0.0489427402863	3.33066907388e-15	192.085354744	-7.38703476483
2004.77372963	135.270737776	0.544272291467	0.501756951103	3.97123681687	6.42186001918	0.093113135187	1.0	232.040735681	-6.12376653883
2004.65808081	108.879293434	0.383171717172	0.398688888889	3.95404040404	4.54191919192	0.93575959596	1.94289029309e-14	222.493468586	-5.98101717172
2000.92882992	74.932774427	0.396523522316	0.143604342581	3.95416164053	8.30880579011	0.162429433052	1.0	166.568980036	-15.5948443908
2004.13050661	100.576038546	0.309579295154	0.436763215859	3.95429515419	1.81828193833	0.900209801762	1.0	223.233609328	-6.36372081498
2003.79502638	90.3679382065	0.455270535041	0.317489826677	3.84551620196	6.52072343632	0.84587942728	1.0	248.164111063	-14.0037302185
1992.88227147	138.121639197	0.515367728532	0.53820498615	3.97368421053	1.88573407202	0.105556094183	1.0	200.7901016	-13.3304958449
2000.78534031	113.063201571	0.316664921466	0.253442408377	3.76439790576	8.07329842932	0.646442408377	2.10942374679e-15	766.126457382	-11.3849240838
2000.5664488	183.384111111	0.520459694989	0.483734204793	3.51633986928	7.69063180828	0.767350762527	-1.33226762955e-15	172.748325969	-21.5473747277
2003.30394922	134.061511283	0.588778561354	0.64249506347	3.98236953456	9.30677009873	0.0661593794076	1.33226762955e-14	211.289353272	-6.79553667137
2004.90233315	163.523251221	0.591540423223	0.608788931091	3.97341291373	1.27346717309	0.603824199674	1.0	236.568066918	-5.82631144872
2005.16405256	126.185980076	0.466230182281	0.46155023315	3.96015260704	5.62102585841	0.897700720644	1.0	234.512551013	-6.03968927512
2005.25208436	110.562556155	0.322126532614	0.0996969102501	3.96370769985	6.01177047572	0.928831780284	1.0	202.741874252	-5.80405149583
2003.63266998	139.034005804	0.0728590381426	0.0327794361526	3.98258706468	1.76616915423	0.125677446103	1.0	192.636730605	-6.31468988391
2001.80976431	146.53955303	0.827182659933	0.920284511785	3.80471380471	1.78872053872	0.714186868687	1.0	247.87858734	-10.356459596
1992.31415929	112.280707965	0.543672566372	0.587119469027	3.22566371681	4.30973451327	0.517451327434	0.862831858407	1183.50668788	-14.1026371681
2002.68477366	125.281564609	0.395697942387	0.345318518519	1.0	9.61810699588	0.0468493827161	9.65894031424e-15	200.428045934	-6.8466526749
2003.73479152	134.204260424	0.311294600137	0.122963089542	3.98359535202	8.04374572796	0.117392344498	1.0	364.407102741	-7.5655721121
2002.05345395	145.290584704	0.266032894737	0.145324835526	1.0	1.60197368421	0.0469465460526	1.0	189.155507788	-6.67152467105
1969.105	109.291145	0.659253	0.739203	3.964	1.61	0.151961	1.0	183.56003622	-10.325704
1986.61084221	143.870334947	0.359474346563	0.155691190707	3.97676669894	8.04065827686	0.105974830591	1.0	211.704850261	-7.4142768635
2001.77191329	88.6696182846	0.624314797361	0.653987747408	3.79830348728	7.68049010368	0.78623468426	1.0	182.159483468	-18.7697012253
1994.47496423	183.313264664	0.38065379113	0.3556509299	1.0	1.78397711016	0.042208869814	0.995708154506	176.427689456	-12.5970429185
1989.34	122.5610675	0.426780833333	0.378435833333	3.97166666667	9.655	0.19371	9.32587340685e-15	254.720330117	-10.3400275
1993.75203553	109.186066617	0.516356772761	0.603120651369	4.01406365655	5.23019985196	0.541658031088	1.0	237.680517054	-9.38199925981
1991.17657046	127.267742784	0.62662139219	0.689418505942	3.99320882852	7.85144312394	0.165143463497	1.0	308.66249247	-9.54319864177
2001.38588235	186.866905882	0.198967058824	0.0928494117647	3.97647058824	3.72823529412	0.120403529412	-1.55431223448e-15	203.625941694	-6.72506705882
1998.84957427	102.857767266	0.117955534532	0.0470283822138	3.92336802271	8.12204351939	0.765616840114	1.0	208.92632508	-14.0555014191
1965.89605735	104.684378136	0.181948028674	0.0852437275986	3.87634408602	5.99641577061	0.801591397849	-4.32986979604e-15	191.311140412	-12.7435716846
2003.14526485	90.9083788122	0.58286035313	0.585282504013	3.97110754414	1.36516853933	0.104655698234	1.0	225.429509663	-12.4908378812
2004.81678383	132.978348418	0.635663005272	0.698782952548	3.95035149385	5.92750439367	0.497693321617	1.0	224.400909596	-6.23745738137
2003.9369423	167.506571089	0.365635336109	0.182136228435	3.91909577632	1.6751933373	0.75759666865	1.0	209.015346169	-5.91076621059
1969.58346582	103.098661367	0.688825119237	0.768998410175	1.00317965024	1.50556438792	0.103111287758	0.993640699523	194.353473879	-15.843154213
1970.70361446	93.8476289157	0.429603614458	0.175589156627	3.98674698795	7.38313253012	0.150613253012	1.0	185.405296181	-12.4031012048
1998.73626374	93.9404010989	0.428423076923	0.344342490842	1.0	5.44139194139	0.786344322344	-3.99680288865e-15	192.63394881	-20.1891648352
2001.74061433	145.160743174	0.75852559727	0.882578498294	1.0	7.75682593857	0.0454505119454	1.0	188.292231476	-7.29301535836
2002.66786141	116.82030227	0.490784946237	0.508838709677	3.91756272401	9.19952210275	0.821396654719	-1.99840144433e-15	554.383859689	-9.08343966547
2001.95303327	85.0964041096	0.431055772994	0.32611741683	3.95890410959	7.53424657534	0.252552837573	1.0	363.627487025	-9.49776614481
2004.19213175	139.236645014	0.485923147301	0.510553522415	3.97163769442	9.73193046661	0.0830164684355	6.66133814775e-15	357.027843092	-6.64274565416
2003.89463956	129.557131238	0.545481515712	0.524501848429	3.74121996303	3.85859519409	0.800361367837	6.43929354283e-15	187.734030545	-12.3601876155
1992.01111111	113.865564021	0.66959047619	0.775017989418	3.94920634921	1.35079365079	0.861156084656	1.0	245.270904709	-8.09909417989
1995.74224022	100.517255061	0.315417004049	0.195520917679	1.0	8.31039136302	0.0513535762483	1.0	218.666019163	-14.9371295547
1997.69349005	152.25243038	0.556726039783	0.618226943942	1.0	7.94936708861	0.0439873417722	1.0	181.536041365	-13.4909231465
1999.12688172	104.01868172	0.587017204301	0.58096344086	3.76989247312	5.70752688172	0.660111827957	-1.55431223448e-15	532.88846114	-19.7726043011
2002.50681818	130.04244697	0.440865151515	0.418350757576	1.0	3.27272727273	0.0531090909091	1.16573417586e-14	187.038992364	-6.79337954545
2003.66843854	137.830578073	0.572102325581	0.657978737542	1.0	7.95016611296	0.051569435216	1.0	227.677517767	-6.53914086379
2004.52403846	166.521638049	0.421510989011	0.350414148352	3.91071428571	9.75892857143	0.857059752747	1.37667655054e-14	237.006731902	-6.41835714286
1989.12824957	104.118009532	0.403780762565	0.161004332756	3.92027729636	8.77642980936	0.834970537262	1.0	203.810296568	-14.6284376083
2005.54406409	138.301307356	0.300552075747	0.14138820102	3.97086671522	5.12381646031	0.542602330663	1.25455201783e-14	239.329939206	-5.40619373634
2003.67806505	105.442940784	0.485763969975	0.423400333611	3.67889908257	9.30525437865	0.817976647206	9.21485110439e-15	160.073774329	-12.6523644704
2002.24238579	176.364125635	0.395790609137	0.37305964467	3.94162436548	3.52157360406	0.237935279188	-4.32986979604e-15	333.905009962	-7.62736167513
2003.96758986	137.205345315	0.448396582204	0.455264584561	3.97878609311	1.07071302298	0.0814230995875	1.0	292.835948886	-7.04704773129
2003.50560538	118.986623318	0.0684338565022	0.0320392376682	3.99103139013	9.51569506726	0.205292600897	2.22044604925e-16	194.237499854	-6.74556502242
2004.60559006	95.9047410714	0.533766692547	0.582363354037	3.96428571429	1.16614906832	0.920644409938	1.0	215.589647318	-5.65190954969
2003.98525074	93.2576117994	0.617807079646	0.665319174041	3.96578171091	8.0814159292	0.105912094395	1.0	225.597438879	-6.42476755162
2001.0941704	117.308941704	0.795112107623	0.901030269058	3.82511210762	7.42600896861	0.793637892377	1.0	386.725564675	-10.6465930493
1998.91975309	166.376390947	0.270565843621	0.149351851852	3.8950617284	3.10288065844	0.347378600823	-2.22044604925e-15	166.516398765	-21.0194650206
2003.01139962	146.623433186	0.772992400253	0.888476250792	3.96896770108	1.59784673844	0.105252058265	1.0	227.283298828	-6.99657188094
2001.69416942	114.246686469	0.0878591859186	0.0450374037404	3.95929592959	9.52365236524	0.853744774477	8.881784197e-16	384.133406084	-9.76027612761
1988.16573557	113.807521415	0.200456238361	0.0920698324022	3.94878957169	3.51862197393	0.834715083799	6.2172489379e-15	271.923878957	-9.57518994413
1964.16911765	96.004247549	0.520237745098	0.480473039216	3.71568627451	2.66666666667	0.713737745098	7.77156117238e-16	210.368557819	-18.7371568627
1993.40223464	101.293473464	0.719030726257	0.79130027933	3.91480446927	2.01117318436	0.187642458101	0.998603351955	221.797995922	-19.4703631285
2002.74777184	142.8367041	0.387912655971	0.18599197861	3.97058823529	1.75401069519	0.120471479501	1.0	178.127787879	-13.1337887701
1969.92849035	104.705494892	0.703786606129	0.793615209989	1.0	7.91486946652	0.0772644721907	0.99886492622	194.779319001	-11.9088093076
2003.51434644	181.268075452	0.63807120085	0.70295749203	3.96280552604	3.67481402763	0.141076514346	2.10942374679e-15	231.094636854	-6.90105419766
1979.73881674	183.746177489	0.370998556999	0.233137085137	3.97258297258	8.07792207792	0.177888888889	1.0	199.747962381	-12.2743780664
2004.32453245	111.183935644	0.789552255226	0.882812431243	3.90704070407	7.58525852585	0.878262376238	1.0	234.124395077	-6.53435148515
2000.65723794	136.192946755	0.344998336106	0.303757071547	1.0	7.1846921797	0.0785823627288	1.0	399.669408353	-8.47481530782
2002.81314286	190.898445714	0.445354857143	0.479852	3.97142857143	1.57771428571	0.087092	1.0	192.927759177	-5.95758857143
2002.10152284	184.814739425	0.570084602369	0.609130287648	7.0	7.77834179357	0.648446700508	1.0	249.943248832	-8.1480998308
1999.84134615	216.92043109	0.695407051282	0.791616987179	3.72756410256	2.33974358974	0.757871794872	0.998397435897	267.007311987	-11.2881410256
2003.42576419	97.2415665939	0.494057860262	0.165392467249	3.92849344978	1.37445414847	0.846310043668	1.0	205.88750667	-6.18654148472
2001.86380368	111.647122699	0.415544785276	0.329230674847	3.84049079755	8.07484662577	0.808014723926	1.0	571.893304908	-10.1936368098
2004.14559387	104.542551177	0.536461959496	0.142530377668	4.00711548987	6.86644772852	0.8625030104	1.0	216.89178116	-6.41455172414
1964.03378378	103.886060811	0.628688223938	0.692875482625	3.57239382239	7.94305019305	0.867102316602	1.0	173.634481544	-12.4263909266
1999.12592593	92.2802716049	0.432619753086	0.243598765432	3.72962962963	1.58518518519	0.814467901235	1.0	185.750218247	-22.898908642
2004.43813559	157.002177966	0.671588135593	0.723005084746	3.89406779661	1.60508474576	0.749694915254	8.77076189454e-15	244.133003263	-6.55925677966
1991.75603217	98.5300768543	0.473966934763	0.505999106345	3.9508489723	8.06255585344	0.110692582663	1.0	213.205559205	-9.35474798928
1999.7014218	122.038374408	0.502113744076	0.49263507109	7.0	5.0355450237	0.733841232227	1.0	532.787135355	-10.7842582938
2004.83897719	130.359975812	0.289300621977	0.0976606772633	4.02211472011	9.85694540428	0.854094678645	1.36557432029e-14	211.307291465	-6.36319626814
1989.15716912	116.399721507	0.468009191176	0.454280330882	3.96507352941	3.57536764706	0.186326286765	6.55031584529e-15	232.380530956	-8.62198069853
2003.73522976	183.560466813	0.624368344274	0.735785557987	3.97665937272	1.49744711889	0.112094091904	1.0	194.014347549	-5.42110722101
1999.27509294	189.939973978	0.451304832714	0.460334572491	4.1375464684	5.20074349442	0.555252788104	0.71375464684	849.190836877	-11.8175501859
1993.98625115	162.258021082	0.507434463795	0.510456461962	3.94867094409	9.26489459212	0.640561869844	6.66133814775e-15	236.75924945	-10.1272218148
2004.35535117	112.089292642	0.740085284281	0.820081939799	3.94565217391	10.0785953177	0.819303511706	9.21485110439e-15	254.603437065	-7.23873327759
2003.5613354	92.7251304348	0.419017857143	0.138761645963	3.8602484472	7.83618012422	0.827318322981	1.0	121.250199169	-12.4526576087
2003.86739781	120.125051844	0.0976640079761	0.0503918245264	3.98703888335	1.41674975075	0.871476570289	1.0	396.931721386	-8.53781455633
2004.01831502	130.148301587	0.333956043956	0.250108669109	3.96703296703	4.01343101343	0.150030525031	-2.88657986403e-15	473.49122928	-8.34461904762
2004.32894139	93.5588732394	0.627473875511	0.68432030895	3.97864606997	1.23080417992	0.530007269423	1.0	222.523578364	-6.31025761018
2003.34020619	95.7078402062	0.48000128866	0.494270618557	1.0	1.32216494845	0.831355670103	1.0	272.470280399	-7.20516623711
2003.83270677	95.7729633459	0.0464144736842	0.0286372180451	3.97462406015	2.06954887218	0.438764097744	1.0	237.090551617	-6.99803383459
1997.78982301	102.821807522	0.607639380531	0.604283185841	7.0	4.19469026549	0.67557079646	1.0	212.478795	-20.6451150442
2001.76449912	71.0552829525	0.335407732865	0.259543057996	1.0	4.66608084359	0.0470210896309	-4.66293670343e-15	283.382954517	-9.34000878735
1998.38151659	56.9600379147	0.0230924170616	0.00913744075829	3.99526066351	2.22748815166	0.0849336492891	0.950236966825	123.522517607	-21.7569763033
2003.87507769	95.9950410193	0.436020509633	0.360711622126	3.97389683033	5.25170913611	0.5155077688	1.57651669497e-14	222.786695376	-6.64806463642
1983.07874016	121.100532283	0.536209448819	0.513048818898	3.97165354331	3.32440944882	0.204281889764	-5.99520433298e-15	256.363121748	-16.0747417323
1997.86982249	119.442650888	0.391437869822	0.362431952663	4.54437869822	5.04142011834	0.702224852071	0.597633136095	1450.59413178	-13.5322366864
2002.48637016	97.280312769	0.662279770445	0.751263988522	1.0	7.53802008608	0.777133428981	1.0	266.057476399	-8.54565710187
2003.58921162	185.543849437	0.521983995258	0.581171902786	3.97747480735	8.15649081209	0.0737504445762	1.0	202.167899407	-5.29008713693
2003.50665821	142.081762207	0.677780596068	0.795491439442	1.0	1.60938490805	0.0471020925809	1.0	178.755547647	-6.52660367787
2004.96004566	137.969385845	0.539404109589	0.560225456621	3.96746575342	10.0462328767	0.508492009132	1.73194791842e-14	223.811485759	-6.17475799087
2003.21909091	186.368288182	0.58071	0.614194545455	3.96727272727	9.80090909091	0.146661818182	6.88338275268e-15	218.169072245	-6.53405727273
2002.17478261	94.6626886957	0.409907826087	0.39805826087	3.78086956522	1.71652173913	0.877553043478	1.0	399.461286009	-7.59312869565
2002.57692308	116.481123219	0.380606125356	0.146246438746	3.94017094017	1.26566951567	0.859775641026	1.0	337.717767358	-11.4156111111
1970.68969298	111.310935307	0.409684210526	0.185581140351	3.93092105263	1.60526315789	0.772573464912	1.0	195.86008375	-10.213127193
1973.28902628	91.1701777434	0.493941267388	0.518315301391	3.96908809892	8.08346213292	0.457553323029	1.0	269.15601507	-15.084862442
2004.25075226	102.210708124	0.712039117352	0.745661985958	3.9518555667	2.46439317954	0.186077231695	3.99680288865e-15	226.937924584	-7.45022166499
1969.95896947	123.938776718	0.414855916031	0.276785305344	3.97328244275	1.62213740458	0.119950381679	1.0	181.883553435	-11.2747528626
2004.55184917	126.791669326	0.449413343002	0.310718636693	3.90862944162	6.73604060914	0.541762146483	1.0	229.325855272	-11.5216207397
1998.06542056	118.207130841	0.539492211838	0.534691588785	4.04672897196	6.07165109034	0.594295950156	0.919003115265	624.668598723	-24.625788162
1971.11737629	103.166698504	0.475823935558	0.468238204833	1.0	1.96432681243	0.0832209436133	1.0	190.549911335	-10.3851818182
2003.10907859	101.432235772	0.699796747967	0.798851626016	3.96002710027	1.78184281843	0.0897906504065	1.0	207.343211145	-7.01630149051
1999.5122807	88.0324298246	0.667	0.71389122807	1.0	7.52807017544	0.736657894737	0.998245614035	211.356947474	-17.3143368421
1971.95777778	170.066941111	0.635771111111	0.715435555556	3.95333333333	1.86222222222	0.16094	0.998888888889	207.247568233	-12.3498977778
2004.09976341	140.123637224	0.575187302839	0.630835173502	3.9858044164	1.26498422713	0.0682689274448	1.0	201.31371377	-6.37567113565
2002.67398649	96.4680506757	0.606319256757	0.626442567568	1.0	2.43074324324	0.803135135135	-5.21804821574e-15	259.222491841	-9.86102533784
2002.01651652	108.093821321	0.472812312312	0.409983483483	7.0	9.39339339339	0.73233033033	-6.66133814775e-15	257.759124745	-8.01891591592
2001.99826087	193.002255652	0.300222608696	0.161490434783	7.0	5.85217391304	0.648102608696	1.0	239.995798626	-7.54579304348
2002.66284779	90.774814239	0.239012274959	0.0960720130933	3.96563011457	3.48117839607	0.315511456628	9.7699626167e-15	246.751900336	-7.32725531915
2004.41822095	141.639871593	0.43106527977	0.423987804878	3.97919655667	9.82281205165	0.0928543758967	1.28785870857e-14	201.454467582	-6.2277374462
2004.13741497	147.579777551	0.362219727891	0.239616326531	3.97823129252	9.87755102041	0.485782312925	1.39888101103e-14	232.265941252	-6.31932993197
2003.27247706	122.145286239	0.68564587156	0.804131192661	3.93302752294	1.07889908257	0.848981651376	1.0	437.867509853	-8.43879724771
1999.22279793	94.984784456	0.575931606218	0.601516062176	1.0	8.30155440415	0.0492093264249	1.0	179.177782218	-17.5474207254
1988.40294511	183.863692102	0.431267737617	0.426041499331	3.98259705489	3.46854082999	0.136277108434	-6.55031584529e-15	221.441364846	-10.0517336011
2004.20422535	103.40214867	0.0657237871674	0.0360328638498	3.94913928013	2.33176838811	0.847295774648	1.08801856413e-14	227.181130618	-6.80124334898
2000.78186969	97.3357932011	0.407549575071	0.240892351275	3.94050991501	2.57365439093	0.762956090652	-7.32747196253e-15	158.83014136	-20.6437875354
1966.86792453	185.375919137	0.3415606469	0.277574123989	3.80592991914	5.35309973046	0.591226415094	0.00808625336928	246.88809248	-15.3738867925
2004.55204461	91.1988633829	0.456279739777	0.38198605948	3.96468401487	2.48698884758	0.137761152416	6.2172489379e-15	231.585374433	-6.52352881041
1990.83377135	116.895902102	0.669237844941	0.781006570302	3.94021024967	7.73455978975	0.869394875164	1.0	242.007851419	-7.94491721419
1999.98477752	94.384971897	0.63031030445	0.634409836066	3.73536299766	2.23653395785	0.798366510539	-1.33226762955e-15	207.218870597	-18.2302400468
2004.25017182	160.431466667	0.524872852234	0.534853608247	3.94845360825	5.01718213058	0.876246735395	1.37667655054e-14	238.34493479	-6.10077731959
2004.08776425	143.157044202	0.472587443946	0.484840486867	1.0	1.6598334401	0.0513773222293	1.0	184.857477156	-6.46296348495
1999.57167235	76.7491569966	0.298412969283	0.164	1.01023890785	8.56655290102	0.0712832764505	-4.99600361081e-15	125.300018908	-18.5234419795
2003.52736318	93.7560130597	0.501208333333	0.51389738806	3.96206467662	1.70895522388	0.10585261194	1.0	219.692531859	-6.04529539801
2004.95951192	123.14877371	0.397628397116	0.387501941209	3.98280643372	9.6045479756	0.918799778148	1.78745906965e-14	237.271778968	-6.52272102052
2002.51680672	112.943481793	0.391862745098	0.231971988796	7.0	8.22268907563	0.701273109244	1.0	224.624107185	-6.96721148459
1986.69852941	116.197793199	0.652991727941	0.720539522059	3.94301470588	9.61488970588	0.786771139706	6.55031584529e-15	266.42366239	-10.1428933824
2003.02696078	94.0496004902	0.405263071895	0.352008169935	3.86192810458	3.22385620915	0.831573529412	9.7699626167e-15	359.833805703	-7.90248611111
2003.43735588	83.2555903151	0.61120368947	0.618217524981	4.05764796311	1.47886241353	0.687716372022	1.0	208.112840822	-14.852933897
2003.80411765	93.4485547059	0.439925294118	0.170058823529	3.97647058824	7.70294117647	0.114247647059	1.0	189.891357329	-6.53737882353
2003.9439834	160.064722683	0.769721300138	0.863448824343	3.82295988935	7.79875518672	0.78448824343	1.0	219.381111957	-6.79137413555
2004.5790587	138.205489688	0.377317292438	0.100287149656	3.9894235854	7.48545742993	0.0855668958223	1.0	203.690595003	-5.76033580116
1978.66389658	110.830972299	0.468573407202	0.469782086796	3.91966759003	8.22622345337	0.835329639889	1.0	223.236930203	-8.70227608495
1999.872	136.702869333	0.103389333333	0.0443173333333	1.0	2.568	0.131821333333	1.0	126.7678208	-18.3799253333
2000.03803132	154.758187919	0.518268456376	0.539796420582	1.0	3.4966442953	0.734881431767	0.993288590604	192.205837651	-13.2577270694
1993.4417238	152.908542605	0.75658863859	0.85253281097	3.96571988247	7.68462291871	0.150728697356	1.0	218.793298962	-13.6154818805
1998.92428198	103.750831593	0.721763707572	0.807693211488	1.0	1.62402088773	0.079138381201	1.0	169.362921802	-17.9800274151
2000.16862038	190.569241659	0.557338142471	0.644195671776	1.0	8.03246167719	0.0446753832281	1.0	161.315514959	-6.25968169522
2003.03737113	189.538563144	0.397842783505	0.229254510309	3.97680412371	8.11855670103	0.108575386598	1.0	186.880371173	-5.66342074742
2001.84923664	212.916685115	0.490299618321	0.503351145038	3.63167938931	5.21946564885	0.70908778626	1.0	486.808083531	-10.8718416031
1995.41570681	172.767149738	0.678405235602	0.77600104712	3.62722513089	7.7664921466	0.838742408377	1.0	207.558049791	-13.0228848168
1999.71969697	115.242704545	0.699646464646	0.699058080808	3.85606060606	3.94696969697	0.571080808081	1.44328993201e-15	187.907887121	-27.4271136364
2004.02811671	92.1119039788	0.487075862069	0.406323607427	4.00424403183	1.19151193634	0.537220689655	1.0	265.890364838	-7.60219840849
2003.32756325	96.1637197071	0.325221038615	0.167552596538	3.96937416778	9.69973368842	0.464231691079	1.44328993201e-14	258.456587197	-6.89289414115
2003.74252874	132.038906513	0.537242145594	0.595632950192	4.06666666667	9.6214559387	0.893070498084	1.14352971536e-14	361.41481272	-7.32515249042
1968.10192024	177.693511078	0.48746971935	0.479432791728	3.63072378139	5.19940915805	0.783261447563	0.997045790251	201.332707873	-13.8053485968
1999.22801303	103.840628664	0.448136807818	0.220866449511	4.46254071661	6.62214983713	0.506026058632	0.723127035831	133.745038534	-35.7400553746
1979.55991516	122.230449629	0.362992576882	0.252032873807	3.96076352068	9.44644750795	0.750936373277	2.10942374679e-15	218.866786182	-8.36821420997
1998.73760933	182.551253644	0.388341107872	0.253810495627	3.39358600583	5.51603498542	0.734696793003	0.967930029155	150.552968426	-27.3295393586
1985.8696331	133.172419984	0.752268540203	0.865927400468	3.9781420765	1.61592505855	0.176391881343	1.0	234.521489422	-10.5699765808
1998.51399491	112.414872774	0.652027989822	0.636829516539	7.0	6.36132315522	0.651908396947	1.55431223448e-15	242.243185394	-17.1854096692
1989.24	100.538155652	0.373966956522	0.260431304348	3.92695652174	4.48347826087	0.8091	8.10462807976e-15	217.167390452	-13.2111973913
1999.77961165	117.640983495	0.453202912621	0.392136893204	1.0	1.67184466019	0.0447203883495	1.0	168.088907932	-16.4369601942
1998.66273585	52.6931509434	0.532304245283	0.454740566038	4.00943396226	5.28773584906	0.0655188679245	1.0	278.762118821	-19.4684575472
1964.12296296	140.497891852	0.541915555556	0.577992592593	3.96148148148	7.56888888889	0.123364444444	0.997037037037	164.471206785	-13.2994740741
2003.06832298	175.239303313	0.705492753623	0.767631469979	3.78053830228	9.02070393375	0.796700828157	2.99760216649e-15	246.090025176	-8.01408902692
2002.34499514	100.880984451	0.720335276968	0.742159378037	3.72497570457	8.98833819242	0.843167152575	4.88498130835e-15	239.877400437	-15.7539484937
2003.9522673	95.1632249403	0.596173031026	0.62988902148	3.86336515513	9.92183770883	0.900568019093	1.66533453694e-14	230.686581808	-7.14447374702
2001.72413793	188.181393359	0.453481481481	0.434942528736	1.0	9.52107279693	0.0561979565773	-4.66293670343e-15	171.516110281	-6.18942528736
2003.32613909	84.3242565947	0.633721023181	0.631548361311	4.06714628297	7.72022382094	0.610256594724	1.0	288.524313285	-11.2653277378
2001.32635585	148.997210276	0.349701236917	0.120926736441	3.8106565176	8.0742150333	0.830641294006	1.0	159.413817088	-12.5180713606
2000.30559541	182.345883788	0.288298421808	0.206394548063	1.0	3.29555236729	0.0648651362984	-7.21644966006e-15	174.583518508	-7.27895121951
1988.97856155	104.562299447	0.571584370678	0.603558091286	3.75172890733	1.24550484094	0.899744121715	1.0	216.38497899	-14.3371078838
2004.48133595	139.55382613	0.647195481336	0.759785854617	3.98084479371	8.31139489194	0.0665402750491	1.0	211.062172721	-6.14523477407
2003.67248908	108.62444687	0.735438864629	0.792790393013	3.92430858806	5.40756914119	0.848173216885	1.25455201783e-14	250.647485146	-7.08972416303
2004.01325601	132.578240265	0.59970008285	0.706945318973	3.97763048882	7.99337199669	0.133653686827	1.0	442.142490928	-8.06267688484
2001.25413223	146.31717562	0.041152892562	0.0153078512397	3.9173553719	2.42355371901	0.272849173554	0.997933884298	115.66062905	-19.7462954545
1982.02557856	155.825611449	0.363049939099	0.322786845311	1.0	8.23873325213	0.0407222898904	1.0	202.715127966	-9.51529354446
2003.06335616	131.035094749	0.619627283105	0.611690068493	3.92694063927	1.27682648402	0.486884703196	1.0	249.566833784	-10.6045747717
1977.07704918	110.143390164	0.53898852459	0.567490163934	1.0	9.5606557377	0.094762295082	-5.44009282066e-15	226.612176623	-11.1885409836
2002.73433584	74.5596303258	0.527760651629	0.512619047619	1.0	9.01629072682	0.0528771929824	-3.77475828373e-15	209.746084286	-9.36978320802
1971.12603306	111.095983471	0.633504132231	0.688650826446	3.68595041322	7.20247933884	0.729481404959	0.981404958678	214.272388636	-22.1351466942
2004.38599872	101.798906872	0.765285163776	0.832441875401	3.58638407193	1.32113037893	0.889167630058	1.0	224.286608176	-12.8255016057
2004.69317382	113.769371569	0.441678395496	0.46454679803	3.96340605208	8.71217452498	0.8961513019	1.0	370.570530507	-7.78641590429
2004.25764526	144.985650612	0.58448853211	0.621924311927	3.94724770642	7.27140672783	0.149922782875	1.0	198.044776453	-13.3400665138
1971.03360215	118.850909946	0.422067204301	0.372108870968	3.87365591398	2.42741935484	0.791733870968	-6.77236045021e-15	199.522495739	-9.53696236559
2002.11094891	210.343624818	0.538297810219	0.55978540146	3.69343065693	2.52700729927	0.785278832117	-6.99440505514e-15	265.371441971	-8.53994744526
1993.78978389	187.500483301	0.623746561886	0.715734774067	3.96856581532	1.59332023576	0.102103143418	1.0	220.998441582	-10.7250058939
2002.80860215	145.058335484	0.326121863799	0.422332616487	3.98422939068	4.4229390681	0.146594982079	1.0	213.072610337	-6.48797419355
1976.26696833	169.612420814	0.481040723982	0.50414479638	3.95701357466	4.21040723982	0.263762443439	0.947963800905	523.732722353	-12.0646696833
2002.03995434	126.514409817	0.213856164384	0.0955890410959	1.0	8.00913242009	0.0618744292237	1.0	172.957742352	-6.93463356164
2000.63051702	145.04137831	0.351664564943	0.140935687264	3.71122320303	2.05044136192	0.784450189155	1.0	143.63233338	-15.9038827238
1975.53291536	119.038387147	0.595426332288	0.612531347962	1.00313479624	2.93260188088	0.0812147335423	-6.10622663544e-15	212.881742038	-10.9349153605
2002.40073869	128.14755217	0.477532779317	0.484024007387	3.96029547553	1.42566943675	0.759172668513	1.0	192.152397858	-15.5959630656
2001.5392562	56.7944690083	0.430886363636	0.195369834711	1.0	5.32851239669	0.0143016528926	0.993801652893	102.289929566	-19.1201652893
1970.92682927	117.781487805	0.418591463415	0.382304878049	3.92987804878	5.11280487805	0.594018292683	0.661585365854	807.015175945	-13.3491280488
1989.24135338	123.462527068	0.397866165414	0.146185714286	3.97518796992	1.54511278195	0.164284210526	1.0	219.860631113	-9.10913383459
2003.80225989	139.042533333	0.445471186441	0.449154237288	3.9790960452	8.47514124294	0.460207344633	1.0	318.318087203	-6.89295141243
1999.6589525	104.646950061	0.332304506699	0.21530816078	3.88185140073	2.45919610231	0.770853836784	-2.77555756156e-15	381.961995432	-15.9227917174
2001.88536585	89.1712658537	0.0229524390244	0.0087256097561	3.98658536585	2.20609756098	0.167170731707	0.99756097561	107.664226488	-11.1487280488
1934.34224599	105.735085561	0.459016042781	0.42800802139	4.05347593583	5.19251336898	0.620780748663	0.855614973262	183.153465294	-18.2528315508
2002.99784483	135.117091236	0.601354166667	0.720556034483	3.9683908046	1.06896551724	0.139568965517	1.0	417.162595991	-8.05026005747
1992.91043956	108.335749451	0.475526923077	0.468157692308	4.00164835165	1.17527472527	0.900858241758	1.0	264.100462379	-8.88238076923
2002.37615622	121.60070298	0.152628982528	0.0617009249743	3.95991778006	8.17368961973	0.771947584789	1.0	442.224310709	-8.91723124358
2005.17866005	133.762783292	0.483689826303	0.465710090984	3.96856906534	1.19106699752	0.498930107527	1.0	208.640486373	-5.6358420182
2001.15851272	186.240992172	0.285489236791	0.176217221135	7.0	6.19960861057	0.620569471624	-3.10862446895e-15	237.579232446	-8.38865949119
2003.82837914	93.9548216489	0.670837913629	0.760518788559	3.95401009534	8.42344363432	0.544516545149	1.0	222.423145306	-6.46004655076
1982.49213836	184.338959119	0.587720125786	0.626240566038	3.95125786164	9.21698113208	0.158775157233	-5.99520433298e-15	226.317831792	-10.8804103774
1994.36997636	103.452914303	0.531225177305	0.554923758865	3.8829787234	8.41548463357	0.890371749409	1.0	281.348496022	-8.71155023641
1990.61260504	92.9484563025	0.624725210084	0.673788235294	3.9268907563	1.72857142857	0.362997478992	1.0	216.915269966	-11.8752243697
2003.56533776	94.830734773	0.283958471761	0.0896301218162	3.98117386489	1.22093023256	0.884857696567	1.0	254.540523649	-6.72919435216
2000.90130354	202.679521415	0.503856610801	0.509584729981	3.69087523277	8.65363128492	0.768631284916	-3.77475828373e-15	427.465599236	-9.82488454376
1999.75	108.935428571	0.183314935065	0.0792467532468	3.44155844156	3.41558441558	0.673032467532	0.87987012987	539.314807532	-26.2873344156
2004.02176063	90.3656419387	0.513678536103	0.531064292779	3.48367952522	9.29871414441	0.888141444115	4.32986979604e-15	379.381432315	-8.56702868447
2002.20185185	97.5543425926	0.207146296296	0.110592592593	1.0	4.0537037037	0.814861111111	1.0	269.07697663	-8.62099259259
2004.07291112	109.582120809	0.385085151676	0.133976583289	3.93879723257	10.1538052155	0.927355508249	1.0	220.538551405	-6.3791043108
2001.52996845	129.308391167	0.497295478444	0.497421661409	3.93690851735	9.12828601472	0.867111461619	2.44249065418e-15	358.142250042	-14.3015057834
1998.78637771	183.63544582	0.408492260062	0.280176470588	7.0	4.21671826625	0.658241486068	0.755417956656	169.167070402	-19.8258854489
2004.73181593	154.009597724	0.596214250371	0.627275606136	3.86887679367	7.4616526472	0.895214745176	1.0	239.631731727	-6.15277090549
1996.00727802	188.472835517	0.304497816594	0.167200873362	3.77438136827	9.11790393013	0.775442503639	-6.99440505514e-15	204.073099156	-13.3420684134
2004.60945163	106.590242532	0.768444493981	0.866966116808	3.93045028979	1.31163620152	0.883869817209	1.0	227.642341306	-6.30641061079
2004.73134991	112.782366341	0.575107904085	0.660290852575	3.92007104796	9.83259325044	0.915103907638	1.0	222.550539343	-5.87471936057
2001.26567845	189.428413911	0.299019384265	0.211713797035	1.0	7.43215507412	0.0552633979475	1.0	161.784093934	-6.63077309008
1934.203125	111.16971875	0.52612890625	0.557328125	1.0	5.28125	0.1106640625	0.8671875	183.761179102	-18.4281835938
1976.41383353	143.047932005	0.741067995311	0.844431418523	3.84056271981	7.49355216882	0.710739742087	0.998827667057	222.2533234	-11.1944443142
1996.61336254	147.580967141	0.335811610077	0.202532311062	3.95290251917	4.45673603505	0.504031763417	1.11022302463e-15	209.926470537	-9.82430120482
2000.091133	113.923285714	0.0287315270936	0.0102315270936	3.7684729064	2.2118226601	0.682305418719	0.950738916256	107.593345862	-31.7220812808
2002.30689929	123.405408406	0.514179222839	0.569371927042	4.04837430611	1.27835051546	0.907087232355	1.0	348.518010182	-11.7767930214
1987.81908832	159.322737179	0.556556980057	0.602013532764	3.94515669516	1.66452991453	0.739324074074	1.0	227.797143953	-10.8156403134
2003.07657247	90.1802515953	0.376678213309	0.196651777575	4.03190519599	8.84047402005	0.746578851413	6.77236045021e-15	262.083291085	-13.831698268
2000.16005666	101.711443343	0.0783569405099	0.0294447592068	3.85127478754	2.10764872521	0.700502832861	-7.32747196253e-15	174.102228059	-15.9872422096
1988.93686354	103.703077393	0.653374745418	0.724842498303	3.75831636117	7.98099117447	0.869134419552	1.0	219.871880312	-13.9064066531
1996.11637931	114.855038793	0.293163793103	0.250780172414	3.50431034483	5.98706896552	0.556142241379	0.219827586207	1112.44542961	-12.3142284483
2002.36823105	97.2248580024	0.441566787004	0.417732851986	1.0	7.94705174489	0.81948977136	1.0	241.502216053	-7.50903971119
2003.72312887	104.995918402	0.380832864378	0.165298255487	3.9983117614	0.87675858188	0.844019696117	1.76525460915e-14	235.531859955	-6.18145582442
1998.65688488	100.51469526	0.584303611738	0.6209503386	3.80135440181	7.82957110609	0.769366817156	1.0	384.585060926	-17.0609029345
2004.2014775	101.686814641	0.323057756884	0.117423774345	3.99731363331	9.65345869711	0.524447951645	1.0	208.400395534	-6.31581128274
2003.03058104	112.395929664	0.542470948012	0.515432721713	7.0	2.57186544343	0.691929663609	-6.43929354283e-15	258.567654679	-8.53736697248
1977.5	173.331988688	0.637126696833	0.73439479638	3.97963800905	7.77941176471	0.126569004525	1.0	214.370764468	-9.16841855204
2003.38909427	208.46919963	0.467639556377	0.481649722736	3.75046210721	1.5258780037	0.796108133087	1.0	225.305234381	-6.6353650647
2002.37897311	75.100594132	0.0758386308068	0.0379535452323	1.0	2.23227383863	0.0541907090465	0.9902200489	96.4467355746	-10.5753496333
2000.79527559	107.391351706	0.276380577428	0.191721784777	3.92913385827	5.20209973753	0.597430446194	0.997375328084	805.620603885	-11.7768661417
2004.42816901	163.105663099	0.49885915493	0.508592676056	3.93802816901	6.22929577465	0.486447323944	1.0	209.521999685	-5.84199042254
1973.44202899	111.285985507	0.742055555556	0.829929951691	3.95289855072	7.64975845411	0.114882850242	0.99154589372	215.098321981	-13.930013285
1980.33907285	140.684584106	0.241193377483	0.104344370861	3.99602649007	2.73774834437	0.146185430464	-6.10622663544e-15	226.062389603	-10.6457788079
2001.03348018	192.857907489	0.518424669604	0.590037885463	1.0	1.42378854626	0.0394907488987	1.0	165.9864437	-5.90706167401
2000.66068376	80.3984632479	0.401965811966	0.16475982906	3.97777777778	2.01794871795	0.152055555556	1.0	190.524677487	-12.6023410256
1998.31406551	113.660780347	0.262026974952	0.143200385356	3.93641618497	8.96724470135	0.65389017341	-3.33066907388e-15	455.863360096	-17.56238921
2001.4587156	106.635093054	0.637269986894	0.671771952818	7.0	7.95281782438	0.639204456094	1.0	248.337486461	-9.42016775885
2004.50651341	140.022806897	0.559983908046	0.580708045977	3.9754789272	1.91570881226	0.0676329501916	1.14352971536e-14	218.093450981	-6.26323908046
1973.58859223	164.232018204	0.520600728155	0.554809466019	1.0	1.69174757282	0.0400776699029	1.0	187.57740267	-10.8367220874
2001.4851752	112.137991914	0.597938005391	0.656654986523	4.30727762803	5.09164420485	0.717210242588	0.814016172507	896.257391186	-10.8091913747
1999.0940499	101.489777351	0.414681381958	0.184618042226	7.0	7.58349328215	0.675491362764	1.0	173.581414837	-16.9535355086
2004.43629584	133.10880982	0.330462399006	0.13271535115	3.98508390305	1.19266625233	0.428077688005	1.0	278.624460889	-6.84096333126
2000.62270642	108.597293578	0.0773096330275	0.0335848623853	3.85206422018	9.25458715596	0.819541284404	-5.55111512313e-16	167.813963394	-13.9473738532
2004.21202327	134.19681254	0.450481577246	0.209845507434	3.98190045249	1.33484162896	0.0919489334195	1.0	178.977075094	-5.79527278604
2003.31037213	116.12539905	0.106935075218	0.0447110055424	3.97307996833	8.60965954078	0.18881314331	1.0	216.956743975	-6.98388915281
1999.41137856	213.797527352	0.346623632385	0.228065645514	3.73960612691	6.12253829322	0.728743982495	1.0	176.91631884	-15.9819015317
2002.79020979	95.7749944056	0.58068951049	0.610054545455	1.0	9.07832167832	0.829888111888	-7.43849426499e-15	268.694070392	-8.85688671329
2003.0148423	132.560559369	0.385348794063	0.28538961039	3.96753246753	1.03432282004	0.144008348794	1.0	467.748893284	-8.39993784787
2002.24347826	96.4231843478	0.297026086957	0.225993043478	1.0	9.49217391304	0.815366956522	-4.77395900589e-15	258.885918226	-8.90383652174
2001.53909465	80.1890809328	0.344949245542	0.222783264746	1.0	1.98628257888	0.0490864197531	1.0	280.350039808	-9.76640329218
2002.63174807	136.95747108	0.433003856041	0.404066838046	1.0	8.06812339332	0.0427197943445	1.0	166.959133798	-6.42185411311
2002.58089368	107.146918336	0.189935285054	0.0935392912173	1.0	3.99537750385	0.0640154083205	-6.32827124036e-15	145.634574314	-7.1900431433
2004.23095975	136.452540557	0.411314551084	0.36446501548	3.97213622291	5.24582043344	0.0704489164087	1.58761892521e-14	233.643679548	-6.43401424149
2004.6631016	93.8789381207	0.558774637128	0.567139801375	3.98930481283	1.7845683728	0.547097784568	1.14352971536e-14	233.502689862	-6.80933842628
1999.07973856	149.797908497	0.529197385621	0.532630065359	3.94509803922	8.56732026144	0.178726797386	-5.55111512313e-15	333.379020954	-14.8177019608
2000.11483655	160.904852473	0.649370494552	0.73651131601	3.93880972339	7.15004191115	0.567202011735	1.0	329.118689899	-7.96928583403
1975.16699411	110.618151277	0.272062868369	0.170642436149	3.8094302554	4.66601178782	0.577231827112	0.992141453831	456.268199627	-12.0984872299
1991.71213389	105.299093724	0.465227615063	0.182939748954	3.99330543933	8.06694560669	0.493054393305	1.0	226.380711707	-8.6283958159
1965.85676393	95.5749496021	0.344275862069	0.237432360743	4.06100795756	7.23872679045	0.355482758621	0.0159151193634	211.585701592	-21.6347877984
2002.99737073	134.139076249	0.731694127958	0.820801051709	3.91148115688	1.7291849255	0.162414548642	1.0	188.40762972	-14.1767817704
2003.90232281	159.895786778	0.448793329363	0.517937462775	3.91185229303	1.49434187016	0.893494937463	1.0	207.501516361	-6.28984157236
2002.75223396	133.724732738	0.361519902518	0.187363119415	4.00324939074	5.61413484972	0.898903330626	9.88098491916e-15	274.953501812	-9.91053858652
1998.18781726	81.3866269036	0.578685279188	0.542649746193	1.0152284264	5.53553299492	0.105682741117	1.55431223448e-15	170.106945025	-28.1696395939
2003.05779889	171.591716548	0.335921615202	0.138833729216	3.96516231196	1.7521773555	0.0981797307997	1.0	197.377999501	-5.84981947743
2003.76798924	138.559095494	0.464969065232	0.524511768662	3.99798251513	1.29455279085	0.766041022192	1.0	390.987807007	-6.8299065232
1993.57875895	159.681884248	0.443255369928	0.389472553699	3.81145584726	2.45107398568	0.785428400955	-1.99840144433e-15	246.232867959	-13.6264331742
1998.4368932	118.473067961	0.420388349515	0.399427184466	4.12621359223	5.52427184466	0.62132038835	0.572815533981	1884.94677107	-16.5938252427
2001.38794727	86.769680791	0.505255178908	0.469675141243	3.95856873823	9.21374764595	0.211996233522	5.88418203051e-15	254.921663333	-12.0142655367
1997.57458564	197.542914365	0.245574585635	0.179400552486	3.95303867403	5.64640883978	0.59511878453	0.0441988950276	463.833864006	-14.6624337017
2004.87400741	93.8155415564	0.438959767073	0.438901535204	4.02382212811	9.77977766014	0.842177342509	1.87627691162e-14	235.51751621	-5.86001217575
1962.63041183	103.378936642	0.500404435058	0.520424498416	3.63357972545	1.99683210137	0.818354804646	1.0	175.916972629	-12.7170918691
1999.48543689	98.0771373093	0.49759223301	0.44045631068	1.0	2.07766990291	0.061987517337	-7.43849426499e-15	181.013589431	-16.4851803051
1989.19903846	111.545339423	0.248208653846	0.101874038462	3.99134615385	8.14807692308	0.181816346154	1.0	235.737844769	-12.7661644231
1993.88800635	117.373119142	0.482208895949	0.4551350278	3.94916600477	6.149324861	0.911562351072	1.0	184.73632301	-8.92149880858
2003.12690707	123.160727462	0.354073509015	0.161022191401	3.99375866852	9.75312066574	0.887018723994	1.35447209004e-14	412.660818669	-8.20095353675
2002.72284123	133.983332869	0.0976782729805	0.0445961002786	3.96239554318	8.27019498607	0.197805013928	-7.43849426499e-15	371.076743412	-8.73685236769
2004.36898017	105.863580737	0.621373229462	0.70419121813	3.84206798867	7.17917847025	0.884239376771	1.0	361.528671778	-7.47468909348
2002.77880658	79.6585360082	0.427167695473	0.344430041152	1.0	8.03909465021	0.0514146090535	1.0	189.339329856	-7.9808436214
1973.09436133	112.561863061	0.592758342923	0.673894131185	3.96317606444	7.77215189873	0.270928653625	1.0	199.643504028	-7.95658688147
1979.70868347	107.890565826	0.441019607843	0.311593837535	7.0	2.78991596639	0.636647058824	0.932773109244	243.817997199	-11.6474173669
2002.38545739	91.8048303362	0.807333854574	0.894176700547	3.94761532447	1.68960125098	0.38593432369	1.0	275.146198749	-9.98050664582
1991.32126697	119.607098643	0.407740271493	0.343476923077	4.00452488688	7.89683257919	0.864991855204	1.0	356.237884416	-11.9940054299
1999.07933194	104.719507307	0.305776617954	0.152419624217	6.99582463466	6.18371607516	0.652068893528	-1.99840144433e-15	193.406286722	-18.3702943633
2004.17402377	92.7982088285	0.562393887946	0.552991511036	3.93208828523	7.65619694397	0.203515280136	1.0	181.239270611	-12.7232529711
2003.1796821	97.8730006911	0.809673116793	0.879845196959	3.62888735314	7.82170006911	0.855835521769	1.0	214.622399606	-12.3209944713
1998.71513002	71.6373037825	0.590234042553	0.611906619385	1.0	2.268321513	0.049804964539	1.0	229.738210154	-14.8156489362
1977.57346939	121.736131633	0.580543877551	0.62641122449	3.99285714286	9.44183673469	0.15348877551	3.44169137634e-15	233.36838948	-10.5937510204
1988.08588351	109.793162883	0.518011846002	0.509732477789	3.8608094768	8.92991115499	0.829491609082	4.4408920985e-15	232.470827196	-15.5520493583
1998.59325044	87.5926767318	0.410975133215	0.347284191829	1.0	1.52220248668	0.757612788632	1.0	190.391879147	-15.5369769094
2004.33368927	100.11595355	0.307668980246	0.10980565937	3.94714361986	5.18633208756	0.90778483716	1.85407245112e-14	224.991083828	-6.45901014415
1996.63372093	64.5609186047	0.41961627907	0.274191860465	4.04360465116	4.58139534884	0.112360465116	2.77555756156e-15	308.948459651	-20.7097994186
1999.44900222	104.696182927	0.798553215078	0.89467405765	1.0	7.5199556541	0.0528946784922	1.0	205.711891929	-14.0047350333
1972.31719876	162.648027806	0.605642636457	0.68308753862	1.0	7.92173017508	0.041271884655	1.0	185.04551379	-10.9570751802
2003.97534445	90.4308034808	0.34883248731	0.121866569978	3.8143582306	7.41696881798	0.874712835388	1.0	321.882243698	-7.62459173314
1988.31712192	122.412776815	0.328360426382	0.141795469687	3.9926715523	1.45636242505	0.829707528314	1.0	235.07083545	-8.93085542971
1980.99490446	114.89022293	0.705229299363	0.755113375796	3.90828025478	2.95668789809	0.763724840764	-4.55191440096e-15	252.285799465	-11.3476522293
2000.07305936	98.413543379	0.49802283105	0.512214611872	1.01826484018	4.85388127854	0.312739726027	1.0	578.389333128	-14.5344520548
1989.83508772	110.273030702	0.794985964912	0.890901754386	3.76228070175	1.74298245614	0.816912280702	1.0	228.404685053	-14.2712517544
2001.10752688	168.03172043	0.460561443932	0.417150537634	3.84715821813	7.37019969278	0.880401689708	1.0	295.050119839	-9.6366797235
1990.6632083	111.95205427	0.314007980846	0.128209896249	3.96727853152	9.78611332801	0.869441340782	1.0325074129e-14	249.07811925	-11.8043224262
1999.13450937	143.625429989	0.451852260198	0.428112458655	3.96912899669	7.56339581036	0.15464277839	1.0	356.882658765	-13.8412205072
2001.1989882	193.07189882	0.530664418212	0.550416526138	7.0	6.61382799325	0.671752107926	-5.21804821574e-15	260.665494368	-8.38919561551
2002.67892016	109.184628374	0.302789201608	0.431915565767	3.98678920161	9.1229178633	0.894522113728	1.0	230.283808564	-6.52806031017
2003.49068768	165.693855301	0.705021489971	0.829466332378	3.85028653295	1.33094555874	0.825983524355	1.0	230.458658961	-6.04684598854
1976.40816327	129.801769133	0.690464285714	0.815058673469	1.0	1.75765306122	0.0429604591837	1.0	204.844860829	-8.94928826531
2001.7826087	114.15876087	0.454	0.466804347826	3.84782608696	6.4347826087	0.661086956522	0.5	2587.78077152	-16.8718695652
2000.03773585	152.341140461	0.365150943396	0.24658490566	1.0	7.89517819706	0.0713668763103	0.993710691824	135.037876164	-19.3473249476
2002.8081761	98.9320754717	0.333196540881	0.262037735849	1.0	3.47798742138	0.819529874214	-5.99520433298e-15	250.603659119	-8.02052672956
1993.55591678	104.932584525	0.348334850455	0.11461573472	3.9811443433	6.87256176853	0.915793237971	1.0	240.924040065	-9.06171586476
2002.4882227	127.297869379	0.612466809422	0.69435117773	1.0	8.59100642398	0.0981027837259	0.0085653104925	411.823387473	-9.69643897216
2003.59057677	105.000980504	0.0464126726239	0.0272818846466	4.00081234768	9.0373679935	0.853879772543	9.88098491916e-15	217.865566726	-6.61993095045
1997.5215311	106.521172249	0.418997607656	0.321854066986	3.81100478469	4.66507177033	0.704727272727	3.33066907388e-16	306.777587512	-27.8470406699
1986.1046729	118.664352336	0.564361682243	0.639724299065	1.0	8.18411214953	0.0522457943925	1.0	202.887236879	-9.28719813084
2003.55712531	103.260595209	0.0241916461916	0.0127991400491	3.95761670762	1.59152334152	0.906746314496	1.0	180.053725055	-6.97991093366
2000.03601441	92.5782905162	0.603968787515	0.61718967587	4.00360144058	3.73349339736	0.345649459784	-2.22044604925e-15	330.756100012	-12.5492689076
2004.65780731	146.521394684	0.455920265781	0.436984053156	3.97408637874	5.21594684385	0.490155481728	1.44328993201e-14	227.882663362	-6.00219667774
1997.4587156	95.3885259939	0.609663608563	0.589140672783	1.0	2.87767584098	0.767694189602	0.932721712538	223.921128838	-25.5716055046
2003.51936376	129.146742047	0.8289197787	0.912598893499	3.93914246196	7.5193637621	0.260584370678	1.0	241.402246162	-7.56275795297
2003.41666667	92.5522281324	0.620875295508	0.684725768322	3.75650118203	1.20153664303	0.888136524823	1.0	312.968642246	-8.09757210402
1976.72246066	137.715545064	0.265256080114	0.157748211731	1.0	1.97854077253	0.0570886981402	1.0	190.381897883	-10.5415665236
1997.15859031	138.353676946	0.664406754772	0.730226138032	3.90014684288	1.67400881057	0.600345080764	1.0	404.497575374	-16.8500323054
1999.655521	167.811824261	0.439712286159	0.43167029549	3.96267496112	1.2768273717	0.44248600311	1.0	286.991780513	-9.46347356143
1999.90880503	58.480009434	0.0980534591195	0.0379119496855	1.00628930818	2.72641509434	0.0648805031447	0.836477987421	119.956378742	-26.3636823899
2003.65821501	131.143107505	0.0915628803245	0.0412251521298	3.98275862069	2.88032454361	0.141394523327	3.66373598126e-15	216.150810284	-6.81782555781
1989.53870211	99.0763103987	0.395918686474	0.178666145426	3.83893666927	1.79984362783	0.809397967162	1.0	224.854540938	-14.8755996873
1982.23452158	127.558949343	0.252592870544	0.102555347092	3.97748592871	8.43058161351	0.764664165103	1.0	232.047025141	-9.27106003752
2000.54682274	145.524619565	0.409035953177	0.18429264214	3.96906354515	8.14715719064	0.0938428093645	1.0	164.803652575	-12.1250560201
1966.87526427	95.0578837209	0.341919661734	0.188860465116	3.78012684989	3.71247357294	0.673038054968	0.997885835095	194.675633869	-21.773435518
2001.75426009	96.5283408072	0.765708520179	0.85369058296	3.933632287	7.71121076233	0.143747085202	1.0	218.46713983	-13.5306573991
1969.43625498	100.313994024	0.0886932270916	0.0347410358566	3.92828685259	2.45816733068	0.686573705179	1.0	177.7627601	-12.0185976096
1995.22393162	128.367162393	0.38061025641	0.262747008547	4.0188034188	1.64102564103	0.264263247863	1.0	346.826229829	-18.3962683761
2001.86693017	131.108818182	0.563093544137	0.610429512516	1.0	1.71541501976	0.0820579710145	1.0	378.129911397	-9.27294202899
2000.54862843	110.816603491	0.72669201995	0.741552369077	3.93391521197	8.73690773067	0.250563591022	-3.66373598126e-15	209.524061683	-13.3967805486
2003.6325	107.25573375	0.45286	0.337145	7.0	1.58	0.65611875	1.0	232.21655875	-8.69894375
2001.31231672	148.577209677	0.171407624633	0.0835835777126	1.0	9.42082111437	0.0678768328446	-6.88338275268e-15	185.737436188	-8.09358064516
1968.67088608	99.7903655063	0.395466772152	0.269754746835	3.96835443038	4.89398734177	0.137286392405	-5.99520433298e-15	181.526511218	-11.132625
2002.54334554	126.373345543	0.7046996337	0.824494505495	3.98778998779	9.20879120879	0.793946275946	-2.88657986403e-15	442.37186514	-9.25591086691
2003.03854626	171.942531938	0.128917400881	0.0659537444934	3.91189427313	9.21696035242	0.779714757709	8.881784197e-16	244.542551167	-7.07273127753
2002.9907312	135.338939238	0.570300720906	0.639879505664	3.97322348095	3.08959835221	0.206897013388	3.10862446895e-15	415.942997178	-7.88993511843
1999.234714	92.3883076923	0.332185404339	0.215506903353	1.0	8.02169625247	0.740143984221	1.0	177.506945819	-18.1113116371
2003.87447109	135.649260931	0.322038081805	0.116618476728	3.98660084626	9.71791255289	0.0800465444288	1.33226762955e-14	245.097771721	-6.35311636107
1999.35645472	109.366618497	0.621963391137	0.635098265896	3.86897880539	5.06165703276	0.537416184971	1.0	211.550060289	-29.3482196532
1991.04538088	130.178379254	0.519047811994	0.574297406807	1.0	1.85251215559	0.0348306320908	1.0	178.631626661	-9.39926012966
2001.24801272	203.636699523	0.167162162162	0.107370429253	3.95230524642	1.99682034976	0.226585055644	1.0	207.923940938	-7.64765341812
2000.20025189	105.992406801	0.31723929471	0.125600755668	3.94584382872	7.47607052897	0.759413098237	1.0	390.61497437	-18.4178967254
1999.05627706	128.172017316	0.822587301587	0.892098124098	3.73448773449	7.19480519481	0.74681962482	0.997113997114	232.658063954	-19.6444574315
2004.94355454	153.577234935	0.411710144928	0.325144927536	3.91228070175	1.51563691838	0.842482837529	1.15463194561e-14	229.066886186	-5.94967124333
2001.84915612	94.938285865	0.751414556962	0.846067510549	1.0	1.43459915612	0.0451698312236	1.0	221.021614757	-9.34547151899
2003.73611978	92.0532127261	0.591645664379	0.613854023706	3.98378041173	9.15720524017	0.325305676856	1.56541446472e-14	244.275618727	-6.35630006238
1996.52969697	164.061784242	0.717672727273	0.833060606061	1.0	1.94060606061	0.050656969697	0.993939393939	183.151255648	-13.0212848485
1977.1046729	116.842196262	0.565844859813	0.630730841121	3.89906542056	7.94392523364	0.725628037383	0.998130841121	451.780758673	-10.6699271028
2000.23734729	90.3511448517	0.733614310646	0.766930191972	1.01047120419	6.9965095986	0.147813263525	-4.77395900589e-15	189.387484066	-17.9956841187
2002.88471392	87.5514859095	0.642825789923	0.711571306576	1.0	7.76259607173	0.0500384286934	1.0	204.65963199	-7.99260375747
1999.80338266	128.662854123	0.184881606765	0.086978858351	1.00422832981	3.37843551797	0.166864693446	-1.7763568394e-15	171.586205624	-18.3662854123
2002.80400891	138.370378619	0.37364142539	0.263787305122	3.98886414254	8.01670378619	0.197378619154	1.0	521.134811225	-8.52028396437
2003.73817382	132.151353135	0.588753575358	0.68701980198	3.96149614961	9.57535753575	0.134839383938	8.881784197e-16	496.097211188	-8.62120792079
1991.3728972	110.737908411	0.555542056075	0.571058878505	3.95514018692	8.24859813084	0.279194392523	1.0	203.328948785	-16.775082243
1998.83454735	151.52583871	0.515302809573	0.506710718002	3.81997918835	7.99375650364	0.776262226847	1.0	194.384273257	-18.067346514
1979.39476961	163.078787049	0.339114570361	0.232759651308	4.02490660025	9.4296388543	0.103100871731	-3.5527136788e-15	202.730895753	-9.71812328767
2004.83469277	109.440908646	0.56082490484	0.551660685155	3.92659053834	1.05002718869	0.934247960848	1.82076576039e-14	238.632379331	-6.27600924415
2004.83133133	145.243862362	0.406277277277	0.129382382382	3.96396396396	6.96946946947	0.572332832833	1.0	217.375792588	-5.51335435435
1974.44327731	113.557033613	0.48806512605	0.468943277311	3.94327731092	3.14705882353	0.625413865546	-1.88737914186e-15	449.661285546	-12.0973319328
2001.88971193	185.983482305	0.723134156379	0.839223868313	3.97037037037	7.69958847737	0.124575308642	1.0	202.737657523	-6.82843209877
2002.50806452	104.891010081	0.203288306452	0.0983830645161	7.0	5.16733870968	0.718157258065	-2.55351295664e-15	239.933924355	-8.02599596774
1989.45382963	152.519999284	0.475615604868	0.513634216178	3.95132426628	8.69362920544	0.622862562634	1.0	226.490640673	-9.60237079456
2003.70563961	100.273689821	0.52110522696	0.527600412655	3.66712517194	9.47592847318	0.873728335626	1.0	191.237628563	-12.1053555708
2004.16288493	136.355929498	0.437227714749	0.440803889789	3.96758508914	3.87763371151	0.846723662885	9.99200722163e-15	400.352517204	-7.93960372771
2003.48573281	94.2946335927	0.275938391699	0.136601167315	3.88067444877	9.86835278859	0.929769130999	1.49880108324e-14	245.546343599	-6.60922178988
1969.9368864	102.287096774	0.588049088359	0.604882187938	3.96072931276	1.73352033661	0.346180925666	1.0	210.227190603	-18.5065568022
2000.36036036	162.512537538	0.683642642643	0.72528978979	3.71921921922	3.28828828829	0.759018018018	-6.66133814775e-15	275.681478619	-15.1751276276
2003.05584416	208.167154545	0.4691	0.476337662338	3.75584415584	9.5038961039	0.807615584416	-5.3290705182e-15	213.515725766	-6.93301038961
1998.52595937	160.274345372	0.692923250564	0.725040632054	1.06094808126	4.4762979684	0.143683972912	0.887133182844	199.520840564	-24.6098600451
1990.94988435	113.676452583	0.503919814958	0.516153430995	3.96761757903	4.99768696993	0.85933693138	1.12132525487e-14	271.074676793	-8.11672783346
2000.66206897	87.2177586207	0.420781609195	0.230689655172	3.94482758621	2.9724137931	0.211336781609	-6.66133814775e-16	166.211915356	-14.2160390805
1999.55389222	125.942580838	0.411095808383	0.375790419162	6.99401197605	6.47904191617	0.741943113772	2.55351295664e-15	540.764038952	-11.4781287425
2000.4011065	173.785185339	0.584345781466	0.625244813278	1.0	2.99723374827	0.0665048409405	-7.54951656745e-15	181.647469364	-7.69328630705
1999.31092437	105.825597839	0.673242496999	0.716981992797	3.64825930372	1.51020408163	0.843882352941	1.0	189.964033938	-21.6969651861
2000.17060367	109.60644357	0.0828635170604	0.0283070866142	3.83464566929	8.32020997375	0.609391076115	0.010498687664	131.362554829	-25.8630367454
1965.59070465	107.999676162	0.524736131934	0.510775112444	3.79910044978	8.49625187406	0.782629685157	-6.66133814775e-15	193.076053613	-12.6636566717
2000.64990138	135.2662643	0.381968441815	0.195204142012	3.95562130178	9.18737672584	0.168862919132	4.4408920985e-15	174.698241519	-14.2795483235
2003.42051282	93.0977758242	0.402923076923	0.153690842491	3.86373626374	1.49157509158	0.834887179487	1.0	148.492330315	-12.8542051282
1975.52739726	120.090472603	0.511926940639	0.534675799087	1.0	4.49543378995	0.119182648402	0.965753424658	444.650028402	-11.9445182648
1997.54691689	181.912199732	0.297339142091	0.201849865952	3.83914209115	1.37935656836	0.83459919571	1.0	305.301396756	-11.5918042895
1977.26129032	140.799993548	0.325912903226	0.257206451613	1.0	2.88870967742	0.0468580645161	-5.66213742559e-15	204.575946645	-10.3071532258
1965.93622449	96.2272653061	0.359109693878	0.296867346939	1.0	5.34693877551	0.193852040816	0.00255102040816	202.471383265	-18.0594821429
2002.34917355	137.444553719	0.319039256198	0.267369834711	1.0	6.49173553719	0.079882231405	-2.22044604925e-15	425.192543533	-8.76173966942
2003.25766871	117.23158589	0.644807770961	0.703145194274	3.84764826176	2.38036809816	0.859162576687	3.33066907388e-15	423.298153415	-8.8431400818
2003.49868248	100.961121212	0.598855072464	0.657891304348	3.51119894598	5.25691699605	0.883010540184	1.0	195.190735929	-11.3110592885
2003.55181577	158.178437555	0.0687263064659	0.0404889282551	3.95659875996	2.32860938884	0.755501328609	1.0	203.672810461	-7.38925863596
1978.3047696	115.1116346	0.52661196443	0.554303961196	3.91107518189	1.60873080032	0.767210185934	1.0	221.857378941	-8.25951414713
2004.18798151	138.14011659	0.403016435542	0.450144324602	3.98099640473	9.42732408834	0.10901540832	1.0	206.979245922	-6.09895788392
1985.66460108	140.7331433	0.54245468629	0.608539891557	3.97753679318	1.69635941131	0.139305189775	1.0	225.037119752	-6.96508752905
1998.65814266	95.3616581427	0.466577388964	0.26435935397	3.96231493943	1.91924629879	0.244236877524	1.0	132.961651521	-20.4222678331
2001.57627119	98.4404237288	0.0246	0.00909265536724	3.89491525424	1.96610169492	0.842865536723	1.0	91.7237295141	-17.0432259887
1982.94260204	131.084846939	0.104859693878	0.0476543367347	3.97959183673	2.09821428571	0.180610969388	1.0	220.523061735	-10.1921977041
2004.9994037	126.706132379	0.319175909362	0.10135718545	4.0137149672	1.26833631485	0.862259988074	1.0	196.779754091	-6.10879308289
2004.786933	105.178549313	0.623691219309	0.689366208906	3.96629213483	6.25260091552	0.926520183104	1.0	218.466500945	-5.88953974199
2004.30413016	130.005700876	0.392641426783	0.112239674593	4.02628285357	7.22403003755	0.867376095119	1.0	378.109359293	-8.09084918648
2004.32345361	94.0471243557	0.350771907216	0.135164948454	3.95231958763	1.4800257732	0.214053479381	1.0	200.61372308	-6.04104510309
1969.47637292	109.725339719	0.377100893997	0.305969348659	1.0	8.2349936143	0.0823409961686	1.0	186.246702797	-11.1587484036
1991.30604288	107.078609162	0.513368421053	0.503908382066	3.88693957115	1.27875243665	0.853734892788	4.88498130835e-15	254.345633957	-11.5763927875
2002.46885522	206.051597643	0.560953703704	0.63796969697	3.80808080808	7.89478114478	0.809892255892	1.0	216.880607323	-6.46320538721
2005.03465851	96.805480632	0.498135066259	0.503788481142	3.99184505607	5.80988786952	0.510650866463	1.0	219.15318421	-6.00454230377
1966.29885057	139.786905747	0.177526436782	0.078167816092	3.98390804598	6.53103448276	0.18344137931	0.988505747126	172.68845108	-12.9412252874
2003.80158103	139.329022134	0.369186561265	0.160614229249	3.97628458498	1.72411067194	0.133839525692	1.05471187339e-14	186.26245064	-6.23683794466
1999.10327456	98.6382380353	0.41043324937	0.233314861461	3.77078085642	8.77078085642	0.838188916877	-3.99680288865e-15	157.632372179	-20.0237481108
2003.4	88.5519122951	0.544280327869	0.524899180328	3.89426229508	4.67459016393	0.839090983607	9.7699626167e-15	257.93402091	-12.1281483607
1966.29357798	98.9071223242	0.506798165138	0.461486238532	7.0	6.37308868502	0.682920489297	0.611620795107	222.648129174	-15.8550733945
2001.79048583	178.059010121	0.146408906883	0.0624655870445	3.97570850202	8.42206477733	0.158994939271	1.0	195.12244833	-6.68956680162
1978.51515152	129.897442068	0.265622103387	0.181188948307	1.0	9.44385026738	0.060807486631	-4.4408920985e-15	202.817918948	-9.80377896613
1969.53560682	111.955056169	0.73390772317	0.829506519559	3.70611835507	1.70310932798	0.806244734203	1.0	197.010838265	-11.9879398195
2003.13001745	102.06254014	0.3904991274	0.194063699825	3.80541012216	2.00436300175	0.845346422339	7.9936057773e-15	167.57870377	-11.9652190227
1999.02318393	104.663120556	0.542400309119	0.492242658423	3.95054095827	8.88408037094	0.287919629057	-6.2172489379e-15	186.339817032	-22.1369706337
2001.99445983	108.070274238	0.0579307479224	0.0218033240997	7.0	2.30470914127	0.578024930748	0.963988919668	113.510560332	-11.1158808864
2004.27253778	143.906872329	0.579354351225	0.677678999479	3.97238144867	9.80927566441	0.501936425221	1.0	218.735062074	-6.23272225117
1996.02978339	106.566099278	0.0551579422383	0.0261696750903	3.94675090253	1.82310469314	0.844240974729	1.0	269.157621986	-13.5729648014
2005.1526179	127.10449313	0.604567396955	0.652106572596	3.96249535834	1.17786854809	0.909363535091	1.0	230.508469302	-6.02961567026
2003.6974423	96.8155421085	0.307682470368	0.117910168434	3.98066126014	5.68746101061	0.485169058016	1.0	229.459252427	-6.65026450405
2002.17208413	123.484523901	0.500151051625	0.497024856597	3.8068833652	2.67686424474	0.718346080306	-3.44169137634e-15	640.348828088	-9.68772657744
1994.46567164	96.4730208955	0.437814925373	0.398767164179	1.00597014925	5.27462686567	0.262044776119	2.55351295664e-15	551.369274179	-16.7185850746
2003.74445741	103.721901984	0.0946260210035	0.0350595099183	3.99066511085	7.90665110852	0.889000583431	1.0	230.449322433	-6.55921411902
1998.42173351	146.94315912	0.494262613195	0.46462225097	1.0	7.92238033635	0.072403622251	-5.10702591328e-15	184.70553696	-16.2624049159
2003.5942813	103.426945904	0.489855486862	0.133302163833	4.0285935085	9.70633693972	0.876707882535	1.12132525487e-14	196.938849297	-6.98453323029
2002.1982906	192.525264103	0.376561538462	0.288616239316	3.96239316239	9.66752136752	0.129004273504	8.54871728961e-15	218.727301624	-6.69232307692
2000.75103734	77.9526078838	0.110885892116	0.0437385892116	4.02282157676	8.19294605809	0.12382780083	0.00414937759336	138.542881452	-15.5711120332
1994.83797468	106.913497046	0.372179746835	0.440313924051	3.92151898734	1.28016877637	0.475129957806	1.0	213.013193899	-9.24230548523
2004.06468085	158.24216766	0.632807659574	0.658623829787	3.5429787234	1.68680851064	0.871512340426	1.0	212.48970657	-11.9024221277
2003.0795107	133.435109072	0.585906218145	0.678747196738	3.96330275229	7.65749235474	0.799679918451	1.0	492.105371019	-8.47599082569
2004.06761905	157.477468571	0.145705714286	0.0563361904762	3.93047619048	2.76761904762	0.798074285714	5.55111512313e-15	231.566216286	-6.81688190476
2003.60395189	106.022943299	0.764363402062	0.802036082474	3.85652920962	1.18127147766	0.84243556701	8.43769498715e-15	244.282685593	-9.26638058419
1989.44770642	103.679775229	0.444913761468	0.49896146789	3.74311926606	6.36880733945	0.859867889908	1.0	206.425129734	-15.4620834862
2005.17953964	154.710157545	0.424360102302	0.391362659847	3.96061381074	9.12378516624	0.82214168798	1.0	207.154762573	-5.66637237852
1999.54190586	94.6717083812	0.396288174512	0.1855510907	3.89322617681	7.91618828932	0.803105625718	1.0	142.73036752	-22.494684271
1997.98305085	65.8915302663	0.59300968523	0.584554479419	1.00484261501	4.33898305085	0.0417554479419	1.0	182.526585133	-28.0225496368
2001.18448023	92.5781083455	0.714535871157	0.77767057101	1.0	1.30600292826	0.75993704246	1.0	235.172075988	-10.7337569546
1975.53451327	119.738024779	0.38625840708	0.336481415929	3.94513274336	8.87610619469	0.478975221239	-4.55191440096e-15	453.253164035	-11.8585575221
1974.29829545	144.662475852	0.557632102273	0.570178977273	3.953125	2.6875	0.161788352273	-7.32747196253e-15	219.51279331	-10.2405269886
2001.71761281	113.002090247	0.675786026201	0.739461426492	7.0	1.44832605531	0.658812227074	1.0	248.223307875	-10.3376259098
2000.10832025	126.246602826	0.410726844584	0.213056514914	3.90266875981	7.95290423862	0.178021978022	1.0	141.761689089	-21.3734740973
2004.49718926	131.934767645	0.655053716427	0.684548407245	3.87945034354	8.25733916302	0.776383510306	1.0	239.519821768	-11.8966252342
2003.28861789	137.214941057	0.737293699187	0.833360772358	3.96544715447	9.76117886179	0.225524390244	3.5527136788e-15	281.241775132	-6.99908028455
1998.68858131	106.463363322	0.0697266435986	0.0298892733564	6.9446366782	2.06574394464	0.692186851211	0.930795847751	122.526486298	-23.6044152249
2003.47183099	94.9366540493	0.406735915493	0.240334507042	3.97447183099	9.2676056338	0.126899647887	7.77156117238e-15	174.400397271	-6.59223151408
2002.62916188	134.195779564	0.539076923077	0.519667049369	3.93685419059	2.87026406429	0.168153846154	-5.55111512313e-16	179.066085109	-14.9914661309
2002.73883627	105.776464141	0.657469553451	0.701326116373	1.0	2.45602165088	0.0472354533153	-6.99440505514e-15	232.52621088	-8.59859404601
2001.5600624	185.947656786	0.530129485179	0.569375975039	7.0	1.14976599064	0.664553822153	1.0	256.849157629	-8.31016068643
1993.59350649	139.219261039	0.737409090909	0.804854545455	3.96883116883	2.78441558442	0.170732467532	-5.3290705182e-15	249.887809532	-10.6462948052
2002.95307918	205.769309873	0.332579667644	0.167938416422	3.82209188661	7.60508308895	0.811357771261	1.0	235.399378133	-6.66537243402
1964.80479826	106.201784079	0.382983642312	0.194988004362	3.8080697928	8.19302071974	0.822345692475	1.0	173.737106074	-12.2380381679
1999.15686275	123.057494118	0.34142745098	0.159811764706	1.05490196078	6.0	0.157125490196	0.666666666667	111.473870471	-34.5641294118
2001.0472561	111.82385061	0.63612195122	0.726196646341	3.86737804878	2.33993902439	0.549112804878	0.995426829268	633.577645183	-10.3925152439
1991.94429348	148.07495788	0.543173913043	0.602478940217	3.98097826087	8.15489130435	0.074644701087	1.0	193.465544708	-8.49969972826
2002.77272727	130.743892677	0.105767676768	0.0457954545455	3.96590909091	1.93686868687	0.145830808081	1.0	402.585339091	-9.78829419192
2003.47208122	121.178900508	0.186423350254	0.0897197969543	3.96852791878	3.15532994924	0.815527918782	3.5527136788e-15	452.469110914	-8.95443147208
2005.06106497	103.217225696	0.555862237421	0.568546653639	3.95212506106	5.27650219834	0.907400586224	1.99840144433e-14	235.121035564	-5.92677967758
2002.85456595	196.904789177	0.324418263811	0.235439684329	3.76662908681	4.1206313416	0.823409244645	1.11022302463e-16	222.503288038	-6.71562908681
1981.17157895	180.911363158	0.384636842105	0.322149473684	3.98842105263	1.90842105263	0.134471578947	1.0	211.156458358	-9.66622631579
2002.2270195	176.474828691	0.147763231198	0.0677395543176	4.0069637883	9.59470752089	0.130080779944	-7.43849426499e-15	182.739174875	-6.86466713092
2004.71139102	133.11156736	0.684709748083	0.778429353779	3.95947426068	0.990690032859	0.474330777656	1.0	232.613059288	-5.89140197152
2005.36433121	132.561022293	0.573598089172	0.617692993631	4.00127388535	9.7847133758	0.90957133758	1.54321000423e-14	218.692471955	-6.19030382166
2001.08510638	115.782397163	0.410758865248	0.391624113475	3.39716312057	5.24113475177	0.625695035461	0.574468085106	1088.95014383	-27.8466453901
1997.35487179	164.205250256	0.276947692308	0.121795897436	3.95794871795	7.38051282051	0.526452307692	1.0	310.543193108	-10.5407774359
1974.52747253	176.945959707	0.561549450549	0.580516483516	6.99267399267	5.4358974359	0.546527472527	0.893772893773	254.029454505	-11.9848827839
2003.65821389	133.234888644	0.329685777288	0.159063947078	3.9558985667	10.1422271224	0.158938257993	7.77156117238e-16	468.207595039	-8.6154862183
2003.81791908	190.811809249	0.433078034682	0.404787090559	3.97013487476	3.63294797688	0.108371868979	5.21804821574e-15	178.175360231	-5.40774855491
1967.86023622	95.5373188976	0.488608267717	0.474090551181	1.02362204724	6.30905511811	0.210885826772	0.998031496063	186.252762047	-20.2527185039
2003.68827709	126.901921847	0.434457371226	0.411441385435	3.97602131439	9.5621669627	0.493924511545	7.54951656745e-15	358.890815604	-8.16863943162
2002.88793103	111.900985632	0.207954022989	0.0868764367816	7.0	4.4367816092	0.789727011494	1.0	357.992846868	-9.4531954023
1977.82822656	135.630990715	0.452228412256	0.464059424327	3.98700092851	8.23119777159	0.13269637883	1.0	256.022151941	-10.5812896936
1999.38112306	88.3711971326	0.484728793309	0.48356869773	3.88649940263	1.31780167264	0.643831541219	1.0	400.79219276	-15.9094647551
2005.10597303	125.081367534	0.463886801541	0.353386319846	3.99759152216	1.02408477842	0.92045327553	1.0	253.505972514	-6.34154913295
2004.62244898	142.015879121	0.508624018838	0.463959968603	3.96310832025	1.03924646782	0.481659340659	1.07691633389e-14	244.07663741	-6.38784458399